{
  "total_images": 504,
  "avg_ocr_chars": 146.27777777777777,
  "coverage": {
    "sugar_g": 0.18055555555555555,
    "calories_kcal": 0.13095238095238096,
    "fat_g": 0.21428571428571427,
    "protein_g": 0.1746031746031746,
    "sodium_mg": 0.1865079365079365
  }
}